account,followers
elonmusk,67
pmarca,63
BillGates,53
bhorowitz,51
cdixon,50
paulg,50
sama,48
reidhoffman,46
fredwilson,45
naval,44
jack,42
patrickc,42
bgurley,41
BarackObama,40
mlevchin,39
rabois,39
tim_cook,39
TechCrunch,39
vkhosla,38
levie,37
sacca,36
JeffBezos,36
balajis,35
karaswisher,33
sundarpichai,33
benthompson,33
satyanadella,32
danprimack,32
SpaceX,32
benedictevans,31
a16z,31
johndoerr,31
tferriss,31
Jessicalessin,31
timoreilly,30
nytimes,30
DavidSacks,30
ev,29
bchesky,29
realDonaldTrump,29
ericschmidt,29
dickc,29
NateSilver538,29
chamath,29
VitalikButerin,29
joshk,29
andrewrsorkin,28
collision,28
travisk,28
sparker,28
ycombinator,28
demishassabis,27
andrewchen,27
SteveCase,27
karpathy,27
Jason,27
NickSzabo4,27
hunterwalk,27
eladgil,27
drewhouston,27
mattcohler,27
stevesi,26
Benioff,26
sequoia,26
om,26
AndrewYNg,26
mcuban,26
alexia,26
davidlee,26
joshelman,26
marissamayer,25
TheEconomist,25
stewart,25
garrytan,25
peterfenton,25
mgsiegler,25
chr1sa,24
TEDchris,24
WSJ,24
tylercowen,24
brian_armstrong,24
emilychangtv,24
adamdangelo,24
davemorin,24
ID_AA_Carmack,24
StevenLevy,23
farnamstreet,23
WarrenBuffett,23
markpinc,23
SamHarrisOrg,23
nntaleb,23
drfeifei,23
Recode,23
kevinrose,23
cyantist,23
ezraklein,23
biz,22
adamlashinsky,22
jeffweiner,22
Atul_Gawande,22
scottbelsky,22
NewYorker,22
Bill_Gross,22
foundersfund,22
eugenewei,22
FEhrsam,22
justinkan,22
hblodget,22
JeffDean,22
ericries,21
techreview,21
erikbryn,21
BillClinton,21
wolfejosh,21
sapinker,21
TheOnion,21
rupertmurdoch,21
kanyewest,21
Austen,21
EvelynRusli,21
msuster,21
Joi,21
rivatez,21
trengriffin,21
RayDalio,20
BradStone,20
roelofbotha,20
ylecun,20
mkapor,20
EricRWeinstein,20
Medium,20
richardbranson,20
cburniske,20
sarahtavel,20
kevinweil,20
gaberivera,20
msquinn,20
StartupLJackson,20
semil,20
jess,20
peterthiel,20
btaylor,20
jimihendrixlive,20
jeff_jordan,20
Chad_Hurley,20
waltmossberg,20
sarahcuda,20
Tesla,20
davemcclure,20
OpenAI,20
eldsjal,20
stratechery,19
Kasparov63,19
HillaryClinton,19
jeremys,19
WIRED,19
LHSummers,19
justGLew,19
danielgross,19
conniechan,19
kimmaicutler,19
fmanjoo,19
alexisohanian,19
briansin,19
tfadell,19
asenkut,19
RonConway,19
FrankQuattrone,19
adambain,19
Scobleizer,19
waitbutwhy,19
pkafka,19
jackclarkSF,18
business,18
patrick_oshag,18
clairlemon,18
nickbilton,18
ProfFeynman,18
mjmauboussin,18
asymco,18
moskov,18
albertwenger,18
jgebbia,18
adamnash,18
davidsze,18
shervin,18
aplusk,18
Borthwick,18
finkd,18
DavidKirkpatric,18
PalmerLuckey,18
mims,17
mattocko,17
EricTopol,17
fchollet,17
goodfellow_ian,17
SueDHellmann,17
johnbattelle,17
sherylsandberg,17
juliagalef,17
MikeBloomberg,17
DeepMindAI,17
wences,17
TuurDemeester,17
typesfast,17
kylebrussell,17
ScottAdamsSays,17
alexrkonrad,17
nikesharora,17
arampell,17
michael_nielsen,17
johnolilly,17
gc,17
GVteam,17
lizgannes,17
bfeld,17
bingfish,17
paultoo,17
m2jr,17
kevinhartz,17
pkedrosky,17
arrington,17
davidmarcus,17
Techmeme,17
slatestarcodex,17
sriramk,17
AOC,16
GreylockVC,16
FutureJurvetson,16
qhardy,16
HarvardBiz,16
johnmaeda,16
paulkrugman,16
matthewherper,16
JonHaidt,16
TEDTalks,16
StephenAtHome,16
POTUS,16
MaxCRoser,16
KatieS,16
mwseibel,16
zebulgar,16
ScottNolan,16
micsolana,16
katie_haun,16
dkhos,16
ryaneshea,16
vijaypande,16
JasonHirschhorn,16
eringriffith,16
DanielleMorrill,16
jesslivingston,16
skupor,16
Accel,16
aileenlee,16
ccheever,16
dens,16
Caterina,16
joshu,16
jhuber,16
elatable,16
garyvee,16
jeremysliew,16
jeff,16
SebastianThrun,16
antoniogm,16
david_perell,16
stewartbrand,16
shak,16
Rich_Barton,16
fromedome,16
jessiwrites,15
kleinerperkins,15
amcafee,15
OriolVinyalsML,15
chrissyfarr,15
adampaulcoates,15
PeterDiamandis,15
claychristensen,15
stevenstrogatz,15
neiltyson,15
Noahpinion,15
ConanOBrien,15
AriDavidPaul,15
infoarbitrage,15
BrianNorgard,15
zaoyang,15
eiaine,15
jmonegro,15
dwr,15
rogerkver,15
coinbase,15
Alfred_Lin,15
theinformation,15
apoorva_mehta,15
ramez,15
mamoonha,15
andrewmason,15
bijan,15
firstround,15
westcoastbill,15
saarsaar,15
abrams,15
POTUS44,15
cshirky,15
withfries2,15
ilyasu,15
matt_levine,15
gdb,14
Arubin,14
valleyhack,14
shivon,14
mustafasuleymn,14
NandoDF,14
Google,14
WhiteHouse,14
tomfriedman,14
HarryStebbings,14
AdamMGrant,14
EconTalker,14
pierre,14
GSElevator,14
barrysilbert,14
howardlindzon,14
rsg,14
bendavenport,14
starkness,14
impcapital,14
alexismadrigal,14
aantonop,14
SatoshiLite,14
MikeIsaac,14
Suhail,14
CaseyNewton,14
hosain,14
kraneland,14
satyap,14
tristanwalker,14
pakman,14
jimgoetz,14
brandee,14
chrisfralic,14
eldon,14
KenHowery,14
jordanbpeterson,14
worrydream,14
arjunblj,14
BoredElonMusk,14
hbarra,14
jwangARK,14
tim,14
peretti,14
bryce,14
PessimistsArc,14
photomatt,14
ch402,13
SusanWojcicki,13
kaifulee,13
algore,13
modestproposal1,13
carlquintanilla,13
AdamSinger,13
RobertJShiller,13
azeem,13
ritholtz,13
RealTimeWWII,13
Carl_C_Icahn,13
nfergus,13
JoshuaKushner,13
ianbremmer,13
cnnbrk,13
DalaiLama,13
Katie_Roof,13
tonysphere,13
iam_preethi,13
ryangraves,13
muneeb,13
coindesk,13
gavinandresen,13
ErikVoorhees,13
mhelft,13
RolfeWinkler,13
mmay3r,13
mcgd,13
EricNewcomer,13
rrhoover,13
stripe,13
ROWGHANI,13
jackabraham,13
rsarver,13
bgmasters,13
sgblank,13
LeenaRao,13
MichaelDell,13
mattcutts,13
VentureBeat,13
peterpham,13
auren,13
AlecRad,13
juanbenet,13
TitaniaMcGrath,13
3blue1brown,13
TheStoicEmperor,13
Quillette,13
ESYudkowsky,13
RichardDawkins,13
fermatslibrary,13
LauraBehrensWu,13
Rainmaker1973,13
cue,13
dannyrimer,13
VCMike,13
nabeel,13
kevinroose,13
zoink,13
8en,13
olivercameron,13
mavolpi,13
Joshmedia,13
jrichlive,13
tomstandage,12
danariely,12
hardmaru,12
rsalakhu,12
markoff,12
washingtonpost,12
ObamaWhiteHouse,12
BW,12
ganeumann,12
primalpoly,12
Gladwell,12
BretWeinstein,12
GaryMarcus,12
Twitter,12
R_Thaler,12
DegenRolf,12
joerogan,12
Zappos,12
FT,12
Reuters,12
Padmasree,12
niubi,12
lpolovets,12
KTmBoyle,12
APompliano,12
twobitidiot,12
lopp,12
mungerisms,12
laurashin,12
ktbenner,12
AmuseChimp,12
pt,12
briankoppelman,12
parkerconrad,12
ttunguz,12
AngelList,12
JTLonsdale,12
jasonfried,12
aweissman,12
edge,12
gideonyu,12
cape,12
georgezachary,12
davidhornik,12
loic,12
dawallach,12
hackingdata,12
NASA,12
BrendanEich,12
LauraDeming,12
KevinSimler,12
Snowden,12
GoogleAI,12
Pogue,12
ali01,12
TaylorPearsonMe,12
zackkanter,12
ericvishria,12
gralston,12
boztank,12
CathieDWood,12
newsycombinator,12
RichatTBD,12
sethjs,12
natfriedman,12
BenBajarin,12
laurenepowell,12
aunder,12
dcurtis,12
BillSimmons,12
MichelleObama,11
rodneyabrooks,11
amir,11
ljin18,11
geoffreyfowler,11
BrianRoemmele,11
mabb0tt,11
soumithchintala,11
NickKristof,11
statnews,11
NatureNews,11
DShaywitz,11
jposhaughnessy,11
felixsalmon,11
SteveStuWill,11
FiveThirtyEight,11
davidfrum,11
jasonzweigwsj,11
Harvard,11
CassSunstein,11
ariannahuff,11
JohnLegere,11
jimcramer,11
melindagates,11
FastCompany,11
wef,11
zerohedge,11
ReformedBroker,11
ManuKumar,11
ArlanWasHere,11
eriktorenberg,11
jmj,11
jesskah,11
gregbettinelli,11
fdestin,11
chudson,11
stevejang,11
AriannaSimpson,11
zooko,11
mitchlasky,11
Nivo0o0,11
kirstenagreen,11
oculus,11
avc,11
omidkordestani,11
500Startups,11
salsop,11
W_ScottWeiss,11
bencasnocha,11
dmac1,11
benchmark,11
LarsLuv,11
brooke,11
edyson,11
blakeross,11
lessig,11
ForbesTech,11
erickschonfeld,11
jguynn,11
MarcBodnick,11
MParekh,11
venturehacks,11
rebeccak46,11
plibin,11
danieldennett,11
Neuro_Skeptic,11
Oprah,11
shakir_za,11
bryan_johnson,11
geochurch,11
webdevMason,11
vgr,11
jdh,11
alexstamos,11
asteroid_saku,11
BradUSV,11
SuB8u,11
JeffLonsdale,11
yassineARK,11
ballmatthew,11
patio11,11
HistoryInPics,11
alaindebotton,11
davidu,11
anuhariharan,11
zalzally,11
wennmachers,11
mattyglesias,11
othman,11
lessin,11
jonfortt,11
jennydeluxe,11
Reza_Zadeh,11
tconrad,11
hanstung,11
TZhongg,11
DelRey,11
ThingsWork,11
LaurenGoode,11
jlanzone,11
delaney,11
bradfordcross,11
schlaf,11
Harjeet,11
PeteButtigieg,10
CoryBooker,10
ilyasut,10
RichardSocher,10
ScottMAustin,10
samhinkie,10
erichorvitz,10
pabbeel,10
jason_pontin,10
hugo_larochelle,10
ValaAfshar,10
etzioni,10
johnplattml,10
DanielPink,10
Forbes,10
TheAtlantic,10
atulbutte,10
PEHUB,10
carlzimmer,10
herbgreenberg,10
morganhousel,10
jaltucher,10
sfiscience,10
mattwridley,10
NAChristakis,10
sentientist,10
TonyRobbins,10
CNN,10
businessinsider,10
awealthofcs,10
CitronResearch,10
CNBC,10
FinancialTimes,10
Scaramucci,10
elerianm,10
BBCBreaking,10
lloydblankfein,10
inafried,10
Wu_Tang_Finance,10
daltonc,10
traestephens,10
bussgang,10
bznotes,10
polina_marinova,10
BMBernstein,10
ljxie,10
bgarlinghouse,10
joeykrug,10
CremeDeLaCrypto,10
wmougayar,10
Mazzeo,10
anthonynoto,10
usv,10
NellieBowles,10
matthuang,10
chrismessina,10
Cookie,10
mdudas,10
davidplouffe,10
yvesbehar,10
levynews,10
aneelb,10
LAAF,10
trueventures,10
jeremyl,10
jasonlk,10
JoshSteinVC,10
hnshah,10
ashleymayer,10
VinnyLingham,10
mmccue,10
RonConwayFacts,10
mathewi,10
kentgoldman,10
randizuckerberg,10
charlierose,10
pud,10
goldman,10
tikhon,10
bling0,10
nlevchin,10
newscientist,10
eboyden3,10
lexfridman,10
DavidDeutschOxf,10
JoshConstine,10
tristanharris,10
maggieNYT,10
CHSommers,10
wikileaks,10
pmddomingos,10
wintonARK,10
rbhar90,10
paulsbohm,10
backus,10
blakeir,10
scooterbraun,10
stevecheney,10
seanrose,10
martin_casado,10
PreetBharara,10
arachleff,10
adrianaoun,10
smc90,10
libovness,10
ekp,10
nealstephenson,10
jimmyfallon,10
jimmy_wales,10
mikeallen,10
brendaniribe,10
luluyilun,10
CadeMetz,10
alex,10
kayvz,10
kevin2kelly,10
jeffiel,10
naveen,10
davetisch,10
gassee,10
gruber,10
pschiller,10
JamesClear,10
danwwang,10
RMac18,10
JonErlichman,10
Lefsetz,10
glennsolomon,10
jyarow,10
panzer,10
marcoarment,10
brianp,10
dpatil,10
JohnArnoldFndtn,10
km,10
timberners_lee,9
lawrennd,9
masason,9
NEA,9
janexwang,9
hmason,9
jeremyphoward,9
ryan_p_adams,9
CoryTV,9
khanacademy,9
sciencemagazine,9
antonioregalado,9
UpshotNYT,9
davidfaber,9
Dereklowe,9
BrentBeshore,9
cfchabris,9
michaelshermer,9
sophiaamoruso,9
RyanHoliday,9
brainpicker,9
PTetlock,9
billmaher,9
JohnCleese,9
Lin_Manuel,9
harari_yuval,9
jayrosen_nyu,9
BeckyQuick,9
swaaanson,9
speechu,9
sorayadarabi,9
bramcohen,9
StratecheryMO,9
reckless,9
michalnaka,9
NTmoney,9
dksf,9
Iiterature,9
NeerajKA,9
KyleSamani,9
kmlake,9
mvernal,9
jerrybrito,9
tonsing,9
Besvinick,9
dan_pantera,9
blockstack,9
ethereumJoseph,9
ericwu01,9
MichaelOvitz,9
davidcohen,9
eholmes2003,9
plscurrie,9
sarahfrier,9
chchien,9
Jon_Favreau,9
BessemerVP,9
johnzimmer,9
nivi,9
ericjackson,9
justindross,9
MattRosoff,9
JBoorstin,9
loyalelectron,9
aaref,9
PandoDaily,9
mickbirch,9
roybahat,9
davegoldberg,9
jasonkincaid,9
ThomasSowell,9
spolsky,9
barneyp,9
ginab,9
TimDraper,9
robhayes,9
mashable,9
davewiner,9
stevenbjohnson,9
sedielem,9
jamesjoaquin,9
APVanDevender,9
craignewmark,9
daniel_kraft,9
stephenfry,9
sullydish,9
coldxman,9
JamesADamore,9
davepell,9
el33th4xor,9
NinjaEconomics,9
fdesouza,9
moxie,9
shaunmmaguire,9
devonzuegel,9
gwern,9
TimSweeneyEpic,9
jcp,9
christinacaci,9
EvanMcMullin,9
prasanna,9
tiffani,9
tommycollison,9
AnnieDuke,9
natsturner,9
JorgeCondeBio,9
lyft,9
kevin,9
LaurieSegall,9
eag,9
scottharrison,9
MariaBartiromo,9
anduriltech,9
notch,9
KingJames,9
ARKInvest,9
Werner,9
polemitis,9
sw,9
anildash,9
tobi,9
mosseri,9
DeepSpiker,9
collinmathilde,9
jonrussell,9
lukew,9
elizabeth,9
Altimor,9
eosnos,9
artypapers,9
mat,9
AswathDamodaran,9
JamesFallows,9
kevinthau,9
crazyfoo,9
verge,9
zsims,9
t_xu,9
TashaARK,9
teddyschleifer,9
Smerity,9
marissa,9
robinchan,9
SG,9
jaltma,9
TheStalwart,9
dunn,9
starsandrobots,9
johnkrafcik,8
DrSidMukherjee,8
mollywood,8
alansmurray,8
susanthesquark,8
Rock_Health,8
saranormous,8
wadhwa,8
jk_rowling,8
Stanford,8
CBinsights,8
Square,8
gatesfoundation,8
rtnarch,8
bobkocher,8
voxdotcom,8
megtirrell,8
bijans,8
LifeSciVC,8
ldtimmerman,8
adamfeuerstein,8
PeterAttiaMD,8
rorysutherland,8
C4COMPUTATION,8
BrianNosek,8
RubinReport,8
humansofny,8
ThisIsSethsBlog,8
CliffordAsness,8
davideagleman,8
HuffPost,8
azizansari,8
mikekarnj,8
benbernanke,8
EmmanuelMacron,8
FareedZakaria,8
PaulGAllen,8
FortuneMagazine,8
spencerrascoff,8
sarthakgh,8
micahjay1,8
anyahayden,8
milesgrimshaw,8
AliBHamed,8
eliotwb,8
brezina,8
jillruthcarlson,8
wheatpond,8
Melt_Dem,8
JihanWu,8
blockchain,8
Bitcoin,8
rsanghvi,8
ellenhuet,8
sparkcapital,8
madewithARKit,8
claybavor,8
jtwald,8
erichippeau,8
rosenstein,8
CharlieRoseShow,8
VanityFair,8
JulesMaltz,8
williamalden,8
davegirouard,8
houseparty,8
johnofa,8
jeffgiesea,8
kamalravikant,8
johnhering,8
vpostrel,8
khoslaventures,8
ProductHunt,8
SlackHQ,8
pegobry,8
Basti,8
skydayton,8
DanielleFong,8
owenthomas,8
joshjames,8
agarwal,8
boonsri,8
binarybits,8
zlurie,8
mmarshall,8
Dropbox,8
brit,8
dannysullivan,8
DonDodge,8
danielbru,8
nichcarlson,8
phil_hellmuth,8
kimbal,8
leehower,8
KiteVC,8
karanortman,8
juliahartz,8
KevinSpacey,8
im_ice_cubes,8
Rafe,8
QuantaMagazine,8
benshapiro,8
JCVenter,8
lindaavey,8
nature,8
ashfontana,8
Miles_Brundage,8
medialab,8
zephoria,8
mikejcasey,8
mtaibbi,8
Ayaan,8
xeni,8
jackiereses,8
jessicarichman,8
carney,8
JPBarlow,8
katecrawford,8
NBerggruen,8
fvogelstein,8
EdwardTufte,8
cshapiro,8
AMLG23,8
patrissimo,8
bryan_caplan,8
grosen,8
philiprosedale,8
GreatDismal,8
sciam,8
MarsCuriosity,8
wrathofgnon,8
delk,8
NaithanJones,8
bwertz,8
robgo,8
phineasb,8
davidaxelrod,8
badboyboyce,8
AndyBiotech,8
ksimm,8
jw,8
EFF,8
timechange,8
foxjust,8
MargRev,8
typesfaster,8
engadget,8
arstechnica,8
reedhastings,8
Xiaomi,8
ataussig,8
ricburton,8
sirajraval,8
Casey,8
adamludwin,8
geoffreyhinton,8
richminer,8
kcoleman,8
benrbn,8
kvogt,8
kennethn,8
gerstenzang,8
ryanchris,8
efeng,8
JuroOsawa,8
WaltTBD,8
Xavier75,8
johnnie,8
RWong,8
nolimits,8
jeffseibert,8
vindugoel,8
asanwal,8
BuzzFeedBen,8
nitashatiku,8
leolaporte,8
markgurman,8
paulmozur,8
twang,8
sarahintampa,8
Eunner,8
robconeybeer,8
mikeisbrown,8
shellen,8
jcal7,8
jayadelson,8
eshear,8
soleio,8
SHAQ,8
mojombo,8
nxthompson,8
earnmyturns,8
anthonyha,8
harris,8
dafrankel,8
heif,8
technology,8
atlasobscura,8
yishan,8
stevewoz,8
jkraus,8
KamalaHarris,7
BernardJTyson,7
haldaume3,7
RandomlyWalking,7
DavidBrin,7
RoguePOTUSStaff,7
tsimonite,7
taylorswift13,7
KaiserKuo,7
Freakonomics,7
NPR,7
ScottGottliebMD,7
BRobertsVC,7
WallStCynic,7
bengoldacre,7
VPrasadMDMPH,7
QTRResearch,7
pewresearch,7
dgmacarthur,7
jflier,7
daphnezohar,7
TimHarford,7
seanmcarroll,7
michaelbatnick,7
CathyYoung63,7
JohnHMcWhorter,7
BretStephensNYT,7
Fahrenthold,7
jasonacollins,7
jaketapper,7
JoeNBC,7
Liv_Boeree,7
rickygervais,7
mindykaling,7
SarahKSilverman,7
muddywatersre,7
davidein,7
WalterIsaacson,7
TheDailyShow,7
maddow,7
NatGeo,7
charliebilello,7
Nouriel,7
bonatsos,7
GavinSBaker,7
ychernova,7
arjunsethi,7
TaylorLorenz,7
RachaelRad,7
Scott_Wiener,7
durov,7
LondonBreed,7
AdamDraper,7
roasbeef,7
prestonjbyrne,7
jgarzik,7
adam3us,7
PanteraCapital,7
DCGco,7
valkenburgh,7
daringfireball,7
VladZamfir,7
DShankar,7
amittm,7
schreier,7
gradypb,7
KyleTibbitts,7
ShiraOvide,7
joshuareeves,7
mickymalka,7
williamready,7
puiwingtam,7
tomiogeron,7
tylerwinklevoss,7
rfradin,7
AngelaAhrendts,7
mattlynley,7
niravtolia,7
deborahgage,7
joyce,7
davidcowan,7
jhagel,7
todfrancis,7
wroush,7
clairecm,7
geoff_yang,7
robinwauters,7
satishd,7
apatzer,7
facebook,7
rosslevinsohn,7
steverubel,7
teflonblondie,7
jowyang,7
nytimestech,7
smithmegan,7
arainert,7
dakami,7
JohnNosta,7
RyanBethencourt,7
leila_c,7
singularityu,7
sarahaustin,7
Rob_Reid,7
jockowillink,7
nayafia,7
johnrobb,7
bariweiss,7
Timcast,7
HeatherEHeying,7
JDVance1,7
Plinz,7
neilstrauss,7
brianstelter,7
zittrain,7
amasad,7
TuckerMax,7
seikatsu,7
tegmark,7
_sunilrawat,7
ggreenwald,7
billjaneway,7
CatoInstitute,7
zeynep,7
halletecco,7
sonnyvu,7
beller,7
avichal,7
nic__carter,7
kevinakwok,7
thedanigrant,7
robinhanson,7
socrates1024,7
woonomic,7
morcosa,7
WhiteAdamL,7
yousuck2020,7
kendricklamar,7
BBCWorld,7
tomkeene,7
clarashih,7
ActuallyNPH,7
ole_b_peters,7
samim,7
spakhm,7
dhmeyer,7
tweettal,7
george__mack,7
danschlz,7
DKThomp,7
annimaniac,7
teisenmann,7
akad,7
StrictlyVC,7
Pontifex,7
SteveMartinToGo,7
abarrallen,7
thogge,7
WSJTech,7
abatalion,7
jsmarr,7
thulme,7
Amazing_Maps,7
jonfavs,7
willmacaskill,7
cullenroche,7
dmorey,7
AjitPaiFCC,7
RealPeerReview,7
moritzKBE,7
joshuatopolsky,7
samfbiddle,7
StephenKing,7
nicoleperlroth,7
wojespn,7
chetanp,7
NickPinkston,7
leijun,7
GrousARK,7
skorusARK,7
msamyARK,7
triketora,7
gojomo,7
SwiftOnSecurity,7
paulvigna,7
EzraMoGee,7
conormyhrvold,7
jonmatonis,7
rosenblattdavid,7
nicknotned,7
Max,7
XFaure,7
yaringal,7
NalKalchbrenner,7
rahulvohra,7
amac,7
liamcasey,7
horwitzjosh,7
aarthir,7
rozzie,7
RonP,7
soundboy,7
sippey,7
jerrycolonna,7
nickwingfield,7
neerajarora,7
narimer,7
mike_matas,7
zachklein,7
robinklein,7
craigmod,7
kylecyuan,7
bestofnextdoor,7
asymmetricinfo,7
pmarcas_likes,7
michaelrwolfe,7
MachinePix,7
gadfly,7
CTZN5,7
carr2n,7
benpopper,7
iamjohnoliver,7
ericmigi,7
edog1203,7
harrymccracken,7
charlesarthur,7
neilcybart,7
jamesallworth,7
JohnPaczkowski,7
AwardsDarwin,7
davidbrear,7
ryanspoon,7
BenjLerer,7
Spencerante,7
shansell,7
neal_katyal,7
tadfriend,7
shishirmehrotra,7
VCRebecca,7
standers,7
mikeeisenberg,7
nlw,7
MelodyMcC,7
Farshchi,7
tlbtlbtlb,7
yuris,7
alexjc,7
fhuszar,7
comma_ai,7
ilyaf,7
dtrinh,7
ricfulop,7
mattturck,7
KatManalac,7
msg,7
Jesse_Livermore,7
nickgrossman,7
micah,7
rachelhaot,7
meredithperry,7
avibryant,7
cjc,7
kul,7
stephen_wolfram,7
SAI,7
nathanblec,7
jonsteinberg,7
tariqkrim,7
chelseabfinn,6
tabithagold,6
PartnershipAI,6
SenWarren,6
vauhinivara,6
greg_ip,6
AlexandraSuich,6
chrmanning,6
GavinNewsom,6
ericjang11,6
BaiduResearch,6
ctnzr,6
LinkedIn,6
kaggle,6
MSFTResearch,6
ScottWapnerCNBC,6
CGrantWSJ,6
hmkyale,6
amitabhchandra2,6
FierceBiotech,6
chasedave,6
KevinADavies,6
joewalkerWSJ,6
ethanjweiss,6
ScottKirsner,6
ksbosley,6
dollarsanddata,6
bill_easterly,6
charlesmurray,6
bradleyvoytek,6
DouthatNYT,6
bethanymac12,6
GuyKawasaki,6
dtapscott,6
WIREDScience,6
DanTGilbert,6
amyalkon,6
timurkuran,6
paulbloomatyale,6
LKrauss1,6
paulocoelho,6
BillKristol,6
GeorgeWill,6
HdxAcademy,6
peterlattman,6
porszag,6
politico,6
GoldmanSachs,6
jnovogratz,6
johnlegend,6
GStephanopoulos,6
HansRosling,6
paddycosgrave,6
SquawkCNBC,6
soledadobrien,6
AP,6
CodyBrown,6
GlenKacher,6
BitcoinMagazine,6
zachperret,6
Keith_Wasserman,6
Will4Planet,6
Tracy_Young,6
cz_binance,6
pandemona,6
profgalloway,6
jovanhaye,6
msantoriESQ,6
iamjosephyoung,6
teempai,6
JoelKatz,6
diogomonica,6
novogratz,6
HHorsley,6
TheBlueMatt,6
marting,6
OneMorePeter,6
thomaspower,6
AugurProject,6
sbmckeon,6
oleganza,6
jseims,6
pbartstephens,6
brockpierce,6
Bitstamp,6
Blockstream,6
BitGo,6
MatrixPartners,6
gcvp,6
svangel,6
eoghan,6
henrysward,6
soopa,6
MarkHalperin,6
tictoc,6
andrewbogut,6
PeriscopeCo,6
drose007,6
davidweiden,6
jankoum,6
evanspiegel,6
UberEng,6
darian314,6
dkhare,6
gduffy,6
Uber,6
winklevoss,6
kelseymwhelan,6
sundeep,6
benparr,6
emilmichael,6
hadip,6
chenyuz,6
marquez140,6
ahess247,6
ethankurz,6
SnoopDogg,6
larryellison,6
lorakolodny,6
peteflint,6
Fakechamath,6
michelletandler,6
Maidenberg,6
gigaom,6
Loh,6
dhh,6
marshallk,6
tripadler,6
BobMetcalfe,6
dburka,6
Ross,6
HLMorgan,6
mikeberkley,6
Peggynoonannyc,6
larryvc,6
psaffo,6
heatherharde,6
shawnfanning,6
allthingsd,6
Megan,6
seth,6
JamesCurrier,6
rklau,6
brenthoberman,6
ibringtraffic,6
DARPA,6
edyong209,6
jaybradner,6
meganrosedickey,6
donal888,6
rustyrockets,6
RealCandaceO,6
richardcraib,6
michaelbd,6
onambiguity,6
PressSec,6
JohnDCook,6
paulmromer,6
bulletproofexec,6
johndurant,6
Cernovich,6
arbesman,6
DouglasKMurray,6
MaajidNawaz,6
yoda,6
rubenharris,6
JohnCendpts,6
MarkWarner,6
SGottliebFDA,6
MIT_CSAIL,6
verified,6
erlichya,6
SteveLohr,6
joe_pickrell,6
spencernoon,6
jessewldn,6
then_there_was,6
sovereignfamily,6
jimmysong,6
GrahamDuncanNYC,6
DoveyWan,6
0x49fa98,6
counternotions,6
emiliemc,6
Excellion,6
stephzhan,6
gphummer,6
AlokVasudev,6
karl_dot_tech,6
dhof,6
jeremyrwelch,6
simondlr,6
JacqGaravente,6
eordano,6
lg,6
peterktodd,6
billbarhydt,6
ChrisLyons,6
marannelson,6
orionwl,6
ethereum,6
kashhill,6
chrislarsensf,6
physorg_com,6
WorldAndScience,6
XHNews,6
tedlieu,6
rcallimachi,6
HardcoreHistory,6
PalantirTech,6
Mangan150,6
shl,6
TurnerNovak,6
pm,6
Kpaxs,6
normonics,6
Douglas9162,6
EdLatimore,6
fortelabs,6
jkottke,6
garcegarce,6
DCoolican,6
angelatytran,6
nikillinit,6
jpm25,6
HarvardHBS,6
laragon,6
zachweinberg,6
IvankaTrump,6
MittRomney,6
CFR_org,6
nybooks,6
tomhanks,6
DLeonhardt,6
ReutersBiz,6
Neil_Irwin,6
NiemanLab,6
JoeSquawk,6
arxivblog,6
rogerdickey,6
jwegener,6
chafkin,6
CNBCJosh,6
superwuster,6
natemitchell,6
digiphile,6
andersoncooper,6
bethcomstock,6
jessicaalba,6
JuddApatow,6
SportsCenter,6
ashvinb,6
kmele,6
atytse,6
mfriedrichARK,6
bradtem,6
sbarnettARK,6
bhavanaYarasuri,6
WhatILearnedTW,6
rcastleman,6
neha,6
amyschumer,6
interfluidity,6
ceciliakang,6
JuddLegum,6
csoghoian,6
LaughingSquid,6
ioerror,6
pahlkadot,6
sachinrekhi,6
fffabulous,6
kevingibbon,6
kenli729,6
rus,6
thegothamgal,6
mattmiesnieks,6
veen,6
AleResnik,6
iancr,6
lucasmtny,6
logangreen,6
joulee,6
LaurenBerson,6
notmisha,6
petewarden,6
milk,6
cmschroed,6
EconoScribe,6
jbdowney83,6
dflieb,6
benhuh,6
taavet,6
FAKEGRIMLOCK,6
mikeyk,6
NathanCHubbard,6
ted_livingston,6
joshm,6
jamesproud,6
peterrojas,6
epaley,6
emilysteel,6
jmover,6
slevene,6
iowahawkblog,6
GregBensinger,6
chrissyteigen,6
ComfortablySmug,6
Chris_arnade,6
JamesSurowiecki,6
hamburger,6
HorsleyBridge,6
baratunde,6
tculpan,6
rafat,6
china,6
daiwaka,6
adamlisagor,6
mcannonbrookes,6
joshtpm,6
danielgraf,6
mmasnick,6
clattner_llvm,6
hamishmckenzie,6
isaach,6
bubba,6
Oatmeal,6
JPManga,6
chrismichel,6
ryanlawler,6
JoeFernandez,6
dcstalder,6
ajassy,6
yurimilner_,6
toddchaffee,6
bonforte,6
bcimbecca,6
thefriley,6
tim_armstrong,6
cavsdan,6
TheTweetOfGod,6
aroetter,6
chughesjohnson,6
andykessler,6
gsands,6
PeterChernin,6
ChloeS,6
blakekrik,6
barneyh,6
ansanelli,6
fakesacca,6
lancearmstrong,6
dhaber,6
brucefenton,6
ATabarrok,6
dsiroker,6
mg,6
mm,6
andy_matuschak,6
ScandalOfMoney,6
ReedAlbergotti,6
caro,6
editorialiste,6
jordanrcrook,6
ajay_bcv,6
peterjhebert,6
dustinvtran,6
fulhack,6
Beezer232,6
brettberson,6
Marthalanefox,6
gaybrick,6
benhamner,6
startupman,6
xamat,6
nomadicnerd,6
sbanjo,6
johnhanke,6
dsearls,6
mvanhorn,6
shafferj,6
chandna,6
chadbyers,6
sfiegerman,6
kfury,6
lacker,6
joshmohrer,6
gustaf,6
chrishughes,6
Stammy,6
neurobongo,6
JessicaMah,6
ceonyc,6
Anthony,6
deantak,6
sm,6
swissmiss,6
jenny8lee,6
alexanderljung,6
amandapey,6
ajs,6
gigastacey,6
zefrank,6
yegg,6
fredbenenson,6
ericsyuan,6
schrep,6
KurtWagner8,6
katgleason,6
morrisor,6
MarkYusko,6
thinkmariya,6
egrefen,6
mbostock,6
clmt,6
syhw,6
alexschultz,6
RobGlaser,6
shaig,6
putorti,6
lizette_chapman,6
yudapearl,6
KapilGuptaMD,6
johnauthers,6
JoeBiden,5
dennybritz,5
ewarren,5
linamkhan,5
gvanrossum,5
StanfordMed,5
NvidiaAI,5
kateconger,5
stanfordnlp,5
hsu_steve,5
yunheekim22,5
DeepLearningHub,5
kwerb,5
jordannovet,5
michaelmoe,5
ShaneLegg,5
codeorg,5
BernieSanders,5
tdietterich,5
LiYuan6,5
ferenstein,5
willknight,5
robot_MD,5
UN,5
nosunkcosts,5
peterbachmd,5
curiouswavefn,5
LesliePicker,5
NoonSixCap,5
ASlavitt,5
Avik,5
CNBCnow,5
valuewalk,5
SuperMugatu,5
leonidkruglyak,5
dealbook,5
NatureMedicine,5
NatureBiotech,5
pknoepfler,5
ddiamond,5
rplenge,5
John_Hempton,5
eisingerj,5
Farzad_MD,5
stefaniei,5
cbtadvisors,5
jonathanrockoff,5
Bobmorevc,5
michael_gilman,5
bradloncar,5
John_LaMattina,5
danielcrosby,5
JohnAllenPaulos,5
jfc_3_,5
tseides,5
DavidAFrench,5
work_matters,5
RobertCialdini,5
HPluckrose,5
MattWelch,5
DrDebraSoh,5
profsimons,5
patchurchland,5
randal_olson,5
scottlincicome,5
radleybalko,5
JohnTierneyNYC,5
Susan_Hennessey,5
simonsinek,5
BenSasse,5
IAmMarkManson,5
NYTScience,5
glukianoff,5
TEDNews,5
JasonSilva,5
adamdavidson,5
serial,5
RadioFreeTom,5
mkonnikova,5
nickgillespie,5
Schwarzenegger,5
michaelpollan,5
neilhimself,5
aa,5
wefollow,5
pennjillette,5
camanpour,5
larrybrilliant,5
Malala,5
BillNye,5
narendramodi,5
mattbish,5
SethAbramson,5
MsMelChen,5
kairyssdal,5
Sethrogen,5
60Minutes,5
BrattleStCap,5
TruthGundlach,5
jefffluhr,5
emilycwarren_,5
SunilPaul,5
nbt,5
jdroege,5
alisongriswold,5
oliverbruce,5
KateClarkTweets,5
cristinagberta,5
nathanielpopper,5
damirbecirovic,5
andy_bromberg,5
jlppfeffer,5
hmltn,5
limebike,5
eric_lombrozo,5
willwarren89,5
0xProject,5
AragonProject,5
drwasho,5
pierre_rochard,5
lightning,5
mikebelshe,5
GrayscaleInvest,5
CharlieShrem,5
Truthcoin,5
WhalePanda,5
thielfellowship,5
BTCFoundation,5
coincenter,5
twentyminutevc,5
TwitterVideo,5
blader,5
JoshuaBaer,5
imkialikethecar,5
HelenSitu,5
tipatat,5
pauljudge,5
treehcapital,5
Kantrowitz,5
kimbatronic,5
zackbogue,5
ForeignAffairs,5
kris,5
JaredLeto,5
Donahoe_John,5
dschol,5
RobertDowneyJr,5
samshank,5
zachcoelius,5
drusenko,5
danmartell,5
labunleashed,5
sarahleary,5
DFJvc,5
bradsilverberg,5
mlevram,5
dsamuel,5
paigecraig,5
VinodColeslaw,5
adeoressi,5
Penenberg,5
blaine,5
briansolis,5
CRV,5
stevegillmor,5
RWW,5
brianjacobsvc,5
kevinspain,5
jmuller,5
jeffjarvis,5
travisv,5
fubini,5
lukenosek,5
jhong,5
eperlste,5
AndreaKuszewski,5
18F,5
derek_j_morris,5
DavidDuvenaud,5
annewoj23,5
tgoetz,5
earthquakesSF,5
ExponentialMed,5
singularityhub,5
newsycbot,5
max_hodak,5
SethMacFarlane,5
SimoneGiertz,5
MZHemingway,5
DeirdreMcClosk,5
noUpside,5
AJA_Cortes,5
glennbeck,5
conor64,5
lishali88,5
clayroutledge,5
Imamofpeace,5
GlennLoury,5
razibkhan,5
stillgray,5
matthewclifford,5
mlz,5
PrometheusAM,5
FBI,5
peterboghossian,5
mkonovalenko,5
_TamaraWinter,5
MaxAbrahms,5
christinelu,5
judegomila,5
Toni_Airaksinen,5
SarahTheHaider,5
GadSaad,5
mark_dow,5
StephenPiment,5
mttgrmm,5
ncasenmare,5
michelteivel,5
NoorQui,5
BreakingNews,5
davidad,5
skdh,5
AnandWrites,5
Grady_Booch,5
garytaubes,5
halhod,5
JoannaStern,5
rachelmetz,5
Longreads,5
amy_harmon,5
neuralink,5
signalapp,5
saifedean,5
soonaorlater,5
TheBlock__,5
fluffypony,5
Aella_Girl,5
glenweyl,5
TieshunR,5
arcalinea,5
officialmcafee,5
HumansOfLate,5
hosseeb,5
_charlienoyes,5
MustStopMurad,5
tonysheng,5
jjeremycai,5
lsukernik,5
jon_choi_,5
devilscompiler,5
js_horne,5
csuwildcat,5
jbrukh,5
phildaian,5
pwuille,5
maraoz,5
ryanxcharles,5
nejc_kodric,5
BenLawsky,5
Ripple,5
Space_Station,5
S_C_,5
Ninja,5
boringcompany,5
BLMedieval,5
AeroDork,5
lenadunham,5
katyperry,5
Evolving_Moloch,5
robertwrighter,5
s_r_constantin,5
literalbanana,5
orangebook_,5
iAmLikelyWrong,5
awilkinson,5
dog_feelings,5
foundmyfitness,5
PureNietzsche,5
The_Lagrangian,5
egfalken,5
DavidEpstein,5
nireyal,5
srikosuri,5
astrange,5
Comey,5
zavaindar,5
LDEakman,5
warrenhogarth,5
mdcranney,5
rosenthal,5
IndexVentures,5
redpointvc,5
AppStore,5
RandPaul,5
NikkiHaley,5
virgingalactic,5
pejmannozad,5
ForeignPolicy,5
BrookingsInst,5
altschool,5
RichardGarriott,5
felicis,5
TonyPerkins,5
ariel,5
Airbnb,5
jonlovett,5
TVietor08,5
ProSyn,5
jheil,5
danpfeiffer,5
BrankoMilan,5
BettyWLiu,5
Austan_Goolsbee,5
jack_welch,5
Reddy,5
SebastianSeung,5
G_S_Bhogal,5
BjornLomborg,5
lukeprog,5
MebFaber,5
pseudoerasmus,5
justinamash,5
stevekovach,5
santopoliti,5
erniecline,5
NASAJPL,5
amywebb,5
TheRealBuzz,5
kobebryant,5
jimmykimmel,5
octal,5
planetlabs,5
manukumarjain,5
donovansung,5
Waymo,5
ElectrekCo,5
mjburnsy,5
danahull,5
Chris_Ciaccia,5
ericoguizzo,5
sonyasupposedly,5
ribbonfarm,5
stefanobernardi,5
yanroux,5
AmberBaldet,5
bgreene,5
CrimeADay,5
haralabob,5
salimismail,5
paul_btc,5
thegrugq,5
joonian,5
danheld,5
jeanqasaur,5
_tessr,5
kyletorpey,5
susie_c,5
rezendi,5
Susan_Athey,5
tlrobinson,5
bobmcmillan,5
robustus,5
BrettKing,5
Popehat,5
chronic,5
JimGaffigan,5
Ljungman,5
mbrennanchina,5
ryan_caldbeck,5
robjective,5
sch,5
arashf,5
roxannevarza,5
jasonrosenthal,5
tsrandall,5
pewinternet,5
JeffGlueck,5
lockheimer,5
gideonrachman,5
kaarmann,5
HermanNarula,5
rabovitz,5
malthe,5
jerrychen,5
amiller,5
pentagoniac,5
alsaqqaf,5
MusaTariq,5
ryan,5
DanB,5
natbro,5
JohnMaloney,5
edmundlee,5
chockenberry,5
jasonkilar,5
Holger,5
ericw,5
ciaranoleary,5
ingridlunden,5
iRowan,5
johngapper,5
Speroman,5
fcourt,5
werdelin,5
cee,5
brisbourne,5
PeterZeihan,5
MacaesBruno,5
th3j35t3r,5
austingeidt,5
matthewstoller,5
TechmemeChatter,5
mikeindustries,5
mekosoff,5
adam_messinger,5
DonaldShoup,5
BaldingsWorld,5
espiers,5
pierce,5
gak_pdx,5
mcarney,5
evadou,5
financequant,5
JMBooyah,5
WesleyLowery,5
nathanjurgenson,5
jasonwstein,5
Apple,5
film_girl,5
ryanchittum,5
CatherineShu,5
hotdogsladies,5
anandshimpi,5
techinasia,5
lorenb,5
DelRayMan,5
adaugelli,5
justmoon,5
bmcclendon,5
tedr,5
SavedYouAClick,5
angusdav,5
mikebutcher,5
ifindkarma,5
davidwkenny,5
tcoppel,5
sampullara,5
chaddickerson,5
robsolomon1,5
jslavet,5
ireneau,5
schrockn,5
aspenjfm,5
raffi,5
mhbergen,5
jasoncitron,5
DannyCrichton,5
alistairmbarr,5
B3_MillerValue,5
DanBenton,5
sweetlew,5
Clayman,5
pmarca_blog,5
_chriscox,5
michaelpcassidy,5
rsa,5
CanadaKaz,5
guardian,5
ckwitt3,5
qz,5
cryptodemedici,5
cheddar,5
mtracey,5
FeliciaHorowitz,5
thelastpsych,5
track_trump,5
sarahlane,5
YourAnonNews,5
mbaratz,5
alexeheath,5
lachygroom,5
briannekimmel,5
reihan,5
SethGRosenberg,5
QWQiao,5
josh_nussbaum,5
NpappaG,5
jshieber,5
bethanymarz,5
sallyshin,5
HenryLMcNamara,5
tseelig,5
qevni,5
tejasdkulkarni,5
daveambrose,5
L1AD,5
amishjani,5
narendra,5
cdouvos,5
katiefehren,5
sarahdoingthing,5
rajatsuri,5
chrismaddern,5
miriamgottfried,5
rasbt,5
hkanji,5
tanayj,5
alexcornell,5
mcwm,5
abnormalreturns,5
kane,5
ChaseAdam17,5
TrevMcKendrick,5
gamoid,5
sgourley,5
warrenellis,5
romenesko,5
TonyW,5
mhdempsey,5
jtriest,5
harper,5
janamal,5
julien,5
rauchg,5
HirokoTabuchi,5
bizcarson,5
smalera,5
sara,5
Khanoisseur,5
nestmatt,5
TinaSharkey,5
expa,5
defunkt,5
loopypoet,5
jdrive,5
johnmccrea,5
jacknicas,5
bhargreaves,5
carmeldea,5
bjnovak,5
peter,5
ellie,5
maccaw,5
kalvepuri,5
shanaglick,5
ericflo,5
stephpalmeri,5
zaid,5
ahsanhilal,5
danroth,5
blam,5
porteous,5
danielaperdomo,5
jsoltero,5
EnriqueAllen,5
ruzwana,5
htaneja,5
harryh,5
martinvars,5
AustinCarr,5
nchirls,5
rr,5
stephaniemehta,5
markmilian,5
chrishwiggins,5
Veronica,5
VCdelta,5
ripemp,5
jaredhecht,5
smart,5
jordancooper,5
topherc,5
perrychen,5
jamescham,5
jonathanglick,5
jsmian,5
newmike,5
Stocktwits,5
SopanDeb,5
Alex_Danco,5
shivsiroya,5
wilsonminer,5
marceloclaure,5
mattdrange,5
rsms,5
SusanKare,5
spenserskates,5
terahlyons,5
ditzkoff,5
evancharles,5
ShellenbergerMD,5
HayaOdeh,5
Color,5
billclerico,5
Lux_Capital,5
cgpgrey,5
medical_xpress,5
platobooktour,5
woj_zaremba,5
LuisvonAhn,5
NathanBenaich,5
Pinboard,5
dbreunig,5
sleepinyourhat,5
peteskomoroch,5
kchonyc,5
jeresig,5
jasonyo,5
quasimondo,5
driainmurray,5
scottgray76,5
mat_kelcey,5
amuellerml,5
lazerow,5
jbrowder1,5
twephanie,5
baconmeteor,5
dkroy,5
Richard_Florida,5
billkeller2014,5
aarontask,5
hughcards,5
dpkingma,5
vkrakovna,5
kellylsims,5
rquintini,5
McKQuarterly,5
ping_accel,5
NickHanauer,5
GGVCapital,5
nealkhosla,5
conorsen,5
ramit,5
APatelThompson,5
m_delamerced,5
Billbrowder,5
DellAnnaLuca,5
NWSBayArea,5
ModeledBehavior,5
Bloomberg,5
john_sipher,5
justsaysinmice,5
70sscifiart,5
zmh,5
scottmcnealy,5
EricJorgenson,5
StewartalsopIII,5
andreasklinger,5
lionelbarber,5
shitmydadsays,5
techstars,5
TheFunded,5
FastCoDesign,5
